episode,reward
0,-1.8167051627045303
1,-1.7557750271909311
2,-1.9885413990225667
3,-2.055863100082279
4,-1.7406115862909706
5,-2.298301479991442
6,-1.595013069588397
7,-2.154997161915487
8,-1.8527194949169914
9,-2.0719717014398626
10,-2.0741697056146196
11,-2.15649621363127
12,-2.0275460239470893
13,-2.0368952932440036
14,-1.7964085184423721
15,-2.1849930739042636
16,-2.1026719029612013
17,-2.05643672031629
18,-2.0463421458621687
19,-2.1316727815340917
20,-2.20206202391526
21,-1.7933282499384244
22,-1.8586804706962576
23,-2.3353507510209446
24,-1.9921425347573296
25,-2.1612102195795466
26,-1.7978136292808136
27,-2.3797860612882458
28,-1.7898157091311393
29,-2.127545396044935
30,-1.7072457068421159
31,-2.010657818991945
32,-2.2295318442212615
33,-1.942729370047504
34,-1.6588490718999875
35,-1.681672316836957
36,-2.001110779411509
37,-2.057032014643092
38,-1.9563203583495272
39,-2.068772202970597
40,-1.779822659787865
41,-2.031889553423811
42,-1.9635146656387599
43,-2.2949447415039814
44,-1.8638718804013212
45,-1.9470311691959212
46,-2.170698639860359
47,-1.5663266976650945
48,-2.086332792985466
49,-1.6961422168307163
50,-1.9224450894587815
51,-1.7978217710105648
52,-2.16047338656939
53,-1.8406221487069998
54,-1.8729478075571
55,-1.7534779479511051
56,-1.8419882263861538
57,-1.7871665388438862
58,-1.7412634283849855
59,-1.733564516267053
60,-1.736677591905452
61,-2.066451409513443
62,-2.083616028113054
63,-1.5331854141138677
64,-1.6836074123552236
65,-1.786879942799515
66,-1.9862919097558296
67,-2.3336662800777255
68,-1.78590695004368
69,-1.9491466949863638
70,-2.1377699667930825
71,-1.956287814807697
72,-1.8459215717312818
73,-1.8496557854751332
74,-2.0200082194979863
75,-2.0309007482515034
76,-2.1077611495303232
77,-1.9574925221366362
78,-1.923779684924196
79,-1.3986217356575616
80,-1.448831447705998
81,-1.8269631087852958
82,-1.6582495010154765
83,-2.2195523834388045
84,-1.933542917612642
85,-1.5426997853717441
86,-1.9964289664646284
87,-1.3699520714335651
88,-1.4283427208681905
89,-1.6682172791346266
90,-1.6900555508880901
91,-1.9046333894397407
92,-1.942096764272977
93,-1.8723134914713058
94,-1.4331255406766674
95,-2.0722686203369425
96,-1.7337530267920065
97,-1.9382462688906819
98,-1.5799867356684703
99,-1.912904181694193
100,-1.9741960272925154
101,-1.7550051212331987
102,-1.7537843719041417
103,-1.3412416503084466
104,-1.775397318634231
105,-1.9455801478670969
106,-2.0142208259899403
107,-2.0669702739196882
108,-1.8786021428662574
109,-2.1634664084360904
110,-1.627102626783758
111,-1.6789860952113034
112,-1.4460063689842115
113,-1.5496405222454237
114,-1.9996274057063448
115,-2.002020379259832
116,-1.6398544082758475
117,-1.6609937378413395
118,-1.5595371016880124
119,-1.3345414708662127
120,-1.526953112159137
121,-2.166586000233471
122,-1.9833587037719598
123,-1.7331104287008707
124,-1.5590931113400175
125,-1.771390673281283
126,-1.925367104953557
127,-1.4618706936711792
128,-1.3640726584376264
129,-1.5316947267723728
130,-1.2008944537170692
131,-1.556797231216444
132,-1.4542756036573143
133,-1.952203763008316
134,-1.7034995529006036
135,-1.4593261317139652
136,-1.8859314495173487
137,-1.915998815404795
138,-1.580694580696138
139,-1.7289786645022938
140,-1.553297470254902
141,-1.486283205014315
142,-1.7233205382327084
143,-1.7469718911481744
144,-1.518186783169878
145,-1.3996053831804245
146,-1.215377098766037
147,-1.8753706220379718
148,-1.464243405836462
149,-1.5531402216524524
150,-1.4850128838376782
151,-1.4464706653428558
152,-1.6395808638615739
153,-1.3926970534867686
154,-1.6299797127292857
155,-1.6560310453413667
156,-1.4248717135156315
157,-1.732600691725052
158,-1.573634973040444
159,-1.2466145182905903
160,-1.4614798425295217
161,-1.5108938093330175
162,-1.5502739344598893
163,-1.5526836861654638
164,-1.3113633361076413
165,-2.3129084129968907
166,-1.4337604178103038
167,-1.4762018007108113
168,-1.0446761237914326
169,-1.5380996329034131
170,-1.512202617366578
171,-1.8744437053075416
172,-1.8297669353154895
173,-1.2226182101922358
174,-1.22051408377597
175,-1.6436250733155506
176,-1.647325878351183
177,-1.416479900762261
178,-2.003296782926283
179,-1.8174965478393696
180,-1.1454809350324329
181,-1.5140308227177313
182,-1.5053613567564614
183,-1.6509067926622993
184,-1.5707064209577668
185,-1.3781749727706964
186,-1.0267089318593645
187,-1.4576023140267842
188,-1.0069857715896022
189,-1.2747651011209045
190,-1.2849152480910642
191,-1.4647504196685552
192,-1.7480573969933189
193,-0.9558052092538019
194,-1.5139245983454652
195,-1.3045815202811533
196,-1.6250708358393644
197,-1.3597935798370397
198,-1.5636219084638199
199,-1.709245088277667
200,-1.318367415059284
201,-1.3656973005419355
202,-1.4327557132682829
203,-1.2579018325559412
204,-1.417178675852018
205,-1.3411826447440314
206,-1.0868981459021916
207,-1.6085339630906927
208,-1.399430971817378
209,-1.5158916591811549
210,-1.232796171145142
211,-1.5095079656009667
212,-1.2216707801309878
213,-1.3495605353894309
214,-0.9705090932786525
215,-1.3016925015517906
216,-1.192512752273953
217,-1.4059056854513141
218,-1.083963613605581
219,-1.18421897413022
220,-0.9078858975343522
221,-1.277989839030444
222,-1.2190986137169413
223,-1.29228250215414
224,-1.1429982228832918
225,-0.9922631300154617
226,-0.9599803142040954
227,-1.0832126905576136
228,-1.3104644399921617
229,-1.1331383955311383
230,-1.030491289988424
231,-1.2742425887848285
232,-1.0874797066879374
233,-1.6767525217340753
234,-0.8648348490334729
235,-1.0992196319664886
236,-1.5143433592957627
237,-1.0678137676193884
238,-1.1001193990894005
239,-1.2604079485641924
240,-0.5329313087576717
241,-1.1122421311771773
242,-1.0667510305146655
243,-0.7330813546911379
244,-0.9629682895403002
245,-1.0927403379356635
246,-1.0069340747058881
247,-0.7115849984122989
248,-0.967114953027465
249,-1.346304726770489
250,-1.4800770827112297
251,-1.035580333472794
252,-0.6356594196497065
253,-0.6932882086897015
254,-1.4156745216309843
255,-1.2763917273882066
256,-1.2050407601055035
257,-0.9672494551572512
258,-0.9038080360450165
259,-1.3384910042789164
260,-1.2584796797796078
261,-1.2890982871314023
262,-1.4451523372771091
263,-1.2128541127959747
264,-1.0339476045628104
265,-0.8015669429067824
266,-1.147958706490515
267,-1.0587380109772397
268,-1.2747378444313502
269,-1.0277750056025807
270,-1.1944531299697314
271,-1.2332427172443823
272,-0.9091189837820564
273,-0.9014507482559734
274,-0.7307523068516665
275,-0.9913288975590454
276,-1.044879902879082
277,-0.4150574381831278
278,-0.6668180461956424
279,-1.149930180467412
280,-1.279039400989155
281,-0.7251904822485775
282,-1.0268199351597378
283,-1.083149815850208
284,-1.1623835282292219
285,-0.9579474638372222
286,-0.9075233331262935
287,-0.9961854915259708
288,-0.8523134424798894
289,-1.2599143659112928
290,-0.9569044056099608
291,-0.7630796365174944
292,-1.15666893634558
293,-0.5654409837527296
294,-0.8990727506361478
295,-0.98522953698266
296,-0.6780351376331208
297,-0.8564104904008727
298,-0.9817491569743741
299,-0.9066194144812498
300,-1.092551437657366
301,-1.0298295428807935
302,-1.0153407776777725
303,-1.2854061904388556
304,-0.8958773924721483
305,-0.9405369813229414
306,-1.1888615824918791
307,-0.910539718112675
308,-0.6561415658089004
309,-0.4990815352212033
310,-1.1417515801810156
311,-0.8727395658665067
312,-0.943447615912127
313,-0.6574849968593149
314,-0.7291339598025608
315,-0.8560642157750621
316,-0.5521408065172952
317,-0.8856202447973784
318,-0.8416981466234625
319,-1.0881894536881536
320,-1.1557515246780958
321,-0.7870483514659184
322,-0.5407579411190447
323,-0.7829574896033733
324,-1.1581900256079662
325,-1.180387070276261
326,-1.3043011960101538
327,-1.1260790732045485
328,-1.2487658572740328
329,-1.0442282114634225
330,-0.662963956391479
331,-0.7723489916451682
332,-1.0900703274544383
333,-0.988471744063005
334,-1.0594863279633666
335,-0.6726095483599347
336,-1.079740263992391
337,-1.3774903772863083
338,-0.8411891958702382
339,-0.5198987870717062
340,-0.737230096740875
341,-1.4859887380476966
342,-0.9353040378997555
343,-1.0147565025618162
344,-0.9233940477313902
345,-1.085079511351059
346,-0.6008777264714689
347,-0.8746397320264235
348,-0.717487622994489
349,-0.9074961860540154
350,-1.0180646745155688
351,-1.1266756375440121
352,-0.9455096550290207
353,-1.153446555448811
354,-0.6171930514432358
355,-0.967397724256263
356,-0.5757228235195497
357,-0.5647201690449034
358,-0.6029260685437169
359,-0.7965200599146693
360,-0.9664318092528265
361,-0.9744455265179749
362,-1.0940699502195854
363,-0.5623660644598336
364,-1.061222531347881
365,-0.9842317456568688
366,-0.9315546309563524
367,-0.7671427343620671
368,-0.7417149543730323
369,-0.8067586359318486
370,-0.5223548089163302
371,-0.9276127642896003
372,-0.8996137518196088
373,-0.5554961175844708
374,-0.6019164439232454
375,-0.7381932624364503
376,-0.7208771789292912
377,-0.5389830252719559
378,-0.60018541284735
379,-0.4252024944642987
380,0.027267071330323592
381,-0.7601484696059468
382,-0.44607174254546217
383,-0.38442414997850494
384,-0.6038097128320401
385,-0.24941589328181316
386,-0.23792387373977003
387,0.051455950385699334
388,-0.4095883976704568
389,-0.6026203428747986
390,-0.40053567504127124
391,-0.3228717716164031
392,-0.02108968069739159
393,-0.8278824640341402
394,-0.5114929541226799
395,-0.4945797419471568
396,0.04892284218603665
397,-0.4373997977007775
398,-0.08818748322366764
399,-0.43793259232149695
400,-0.2805655330974443
401,-0.39332896490332686
402,-0.4727755843000174
403,-0.05238289917039294
404,-0.43984486452813487
405,-0.13636225952297956
406,0.22375528942208922
407,-0.21568321503148283
408,0.06500068463779683
409,0.07492421082165232
410,0.03958020826472626
411,-0.24917504355138217
412,0.23179996932950753
413,-0.3011601433752616
414,-0.38432675133923666
415,-0.06902693424794021
416,-0.02501251215171777
417,-0.04229895395937995
418,-0.054418376642386156
419,0.30610196462808664
420,0.169742664265247
421,-0.09894923705546738
422,0.32215561482544003
423,0.16530230440244728
424,-0.08533853453741268
425,0.07568506089747942
426,0.3612043859470345
427,0.3113177051302883
428,0.17302159283430668
429,0.1617249834444808
430,0.21932155400911982
431,-0.0738267161090287
432,0.09143557533764385
433,-0.2344249382663299
434,0.28614774655663855
435,0.1977992085245713
436,0.0773049829843651
437,-0.0262575050533831
438,0.2552997363462463
439,-0.03894195561751308
440,0.5112874713337446
441,0.5769998193753669
442,0.10716733543016232
443,0.23972230049798968
444,0.5821340869513563
445,0.29040487092702544
446,0.2778077632689573
447,-0.07730750303042598
448,0.09352575036505303
449,0.1592603285002832
450,0.26466191001551004
451,0.678770576306186
452,0.2364656041586449
453,0.1549001748892929
454,0.5695415444016207
455,0.14851017771656191
456,0.3493078743864655
457,0.30287118874171065
458,0.2797721394155039
459,0.37527407401030666
460,0.3646979956379404
461,0.3992034058548461
462,0.25948436458827395
463,0.36011168697521834
464,0.8422244652115849
465,0.5537823522346607
466,0.5721608816960919
467,0.4643640601114458
468,0.2402173252059202
469,0.6668689295943188
470,0.6544182321106057
471,0.27043108601984484
472,0.26686839731392714
473,0.24058853123941104
474,0.1678293361765985
475,0.5868716993792917
476,0.38453601290566825
477,0.4700079061288169
478,0.34633633863795693
479,0.7686451725725344
480,0.4640623369318933
481,0.44125934536942046
482,0.47165972952015267
483,0.2245809123904082
484,0.3711513537490456
485,0.3549814993213113
486,-0.015708311578691698
487,0.6555538999162
488,0.30221747478040034
489,0.3468952535073511
490,0.3489355996856367
491,0.40001995658842593
492,0.7912154425860851
493,0.6117043286081814
494,-0.23579868783760538
495,0.649284428090144
496,0.27902431717141674
497,0.8136037170043874
498,0.40956902899318165
499,0.35527851913093966
500,0.27597079665762625
501,0.17979209706817986
502,0.19661424835532107
503,0.5616993102925694
504,0.4895046840227974
505,0.630935290587768
506,0.46008357542858297
507,0.5422223031096182
508,0.5304961314250445
509,0.08783113840366503
510,0.6434827143245204
511,0.40243018399435654
512,0.5907552422809941
513,0.5567267620003278
514,0.231659520080616
515,0.2369135948158947
516,0.8323051083092113
517,0.554668336011527
518,0.6183200625903225
519,0.6201974720202672
520,0.45740884332270637
521,0.5360526993308574
522,0.5598791298853939
523,0.21955894790532757
524,0.506890193796769
525,0.4009951773323581
526,0.5082484746986831
527,0.5319025898591913
528,0.6768543926534182
529,0.47367957467738797
530,0.3423333996755873
531,0.5268667868353704
532,0.3747033066585367
533,0.5172365126194255
534,0.8140915577537584
535,0.6830428202032938
536,0.7886917835720378
537,0.6415102250204372
538,0.4423206370733634
539,0.676111256028654
540,0.7256428794175145
541,0.7862671061688268
542,0.7227471092318872
543,0.6641696757133217
544,0.29613902779302576
545,0.6817092012555603
546,0.4319650317339402
547,0.6546388385269049
548,0.6087179469743181
549,0.5303391284951764
550,0.5730782961204874
551,0.3256657958856966
552,0.30281573371761583
553,0.6949543538583233
554,0.6562714597521578
555,0.39658124692053603
556,0.6786652260375605
557,0.750584267703069
558,0.7216669115748683
559,0.5944739651951804
560,0.4478974766468071
561,0.5473914470964344
562,0.6775028879272322
563,0.5418138046450334
564,0.87421843888214
565,0.7210354515027616
566,0.3850674950073803
567,0.5657480103358369
568,0.5716273174202372
569,0.526043436846007
570,0.5093775267865212
571,0.6849624084168933
572,0.33064723386462247
573,0.6921419606298025
574,0.5941275217443149
575,0.6968959329379281
576,0.553751463034585
577,0.5771368856482123
578,-0.2194624843659672
579,0.4810333107310209
580,0.4989658462864377
581,1.0806966198876091
582,0.551411137672935
583,0.5886663119525707
584,0.6614131936996828
585,0.4126639788426448
586,0.5445381190728614
587,0.8248068739080284
588,0.8113017568706966
589,0.40469862742486035
590,0.4748099174514094
591,0.43361501851737505
592,0.6024724524656038
593,0.4987460456963449
594,0.29293748303244926
595,0.5900283507415697
596,0.5237650758038658
597,0.38392242908711666
598,0.65516198054975
599,0.8864739960621951
600,0.8030934187989955
601,0.7143258201515458
602,0.5070184269364565
603,0.8293931620224743
604,0.7135560208199853
605,0.4741219379065166
606,0.5202758924766346
607,0.38050759124563105
608,0.4348997719661174
609,0.42507259076734216
610,0.49019328770178655
611,0.8172042339570311
612,0.5135107278706408
613,0.8387582189950216
614,0.770359447456468
615,0.9552374374157181
616,0.550541417613127
617,0.61461040572738
618,0.5228768887199177
619,0.592424933556046
620,0.5751242637812087
621,0.3275987861199645
622,0.43491430144021515
623,0.5875242090008984
624,0.6305923830913814
625,0.7783921688390517
626,0.19424044519642128
627,0.5004434885124747
628,0.7627837875595768
629,0.861620221433752
630,0.5761521539744358
631,0.7356132268625586
632,0.6346103804231781
633,0.510783124014594
634,0.36999055742317255
635,0.6851098505668426
636,0.7137234005061006
637,0.8117072341513656
638,0.36936865944756536
639,0.846677297275193
640,0.4308951423859115
641,0.49972811034472997
642,0.3522143434430101
643,0.5647102743056537
644,0.8032042396187562
645,0.7508100713532708
646,0.4573332684439375
647,0.5478328135341235
648,0.62057294097292
649,0.42442014795937055
650,0.41162388920336695
651,0.5406814602860266
652,0.6301171246345835
653,0.7220329932170532
654,0.5524899537957687
655,0.6645962747357664
656,0.7039709591033714
657,0.9022977693562478
658,0.8871105658650912
659,0.35909134850393676
660,0.7955423626379763
661,0.7327625671842918
662,0.7215267004508589
663,0.6958077481594296
664,1.030815861183029
665,0.6264306668959503
666,0.8707811151773762
667,0.5928601038246651
668,0.4429657187890255
669,0.5143376979855249
670,0.718325887206041
671,0.7974349812738811
672,0.7550229257847674
673,0.6380444582401905
674,0.9265875157503275
675,0.5124361117524568
676,0.6318681065271559
677,0.6842624058327754
678,0.17436287194582054
679,0.5600427636749777
680,0.5864294708127408
681,0.7374526826585496
682,0.43524094028561444
683,0.8060558339816691
684,0.8309591197486058
685,0.5525681001487044
686,0.8917340193142042
687,0.4412266647992735
688,0.8479164773583378
689,0.6259199059015834
690,0.828707867596016
691,0.38520370004818355
692,0.45992074239738157
693,0.5698435469090554
694,0.6883174295788163
695,0.8414783938919159
696,0.06282368437943085
697,0.6643332607628704
698,0.9441926828133034
699,0.6597900560763803
700,0.1952185920792332
701,0.4431195623616954
702,0.33146213069355773
703,0.9074746462663654
704,0.8561930770156282
705,0.7494493395846976
706,0.7365675664729073
707,0.6905613817635462
708,0.5715966150881142
709,0.5896430095997071
710,0.8502331134363382
711,0.5944884611627274
712,0.6729977450182545
713,0.6614008900700007
714,0.619339450783035
715,0.4047820700009443
716,0.45531564904386085
717,0.31240751745520506
718,0.7626430739697827
719,0.6847057832874269
720,0.5224458969383863
721,0.7451807519533631
722,0.854997699412487
723,0.9614688452531766
724,0.4680683189685421
725,0.7465293726517
726,0.994649128213053
727,0.7508522891867674
728,0.972662981232125
729,0.6968951963994442
730,0.5985514215508048
731,0.7184507159244319
732,0.805880366892551
733,0.5772540877034998
734,1.1908398440521746
735,0.6611569157687712
736,0.7597964857071128
737,0.9234850648466312
738,0.8674019645041213
739,0.7709469534249316
740,0.7040195803901389
741,0.34734392156004096
742,0.6820571894977887
743,0.5038804071258123
744,0.8164558269708309
745,0.49940202208578816
746,0.34746578287949625
747,0.6129754267227819
748,0.8917331809722292
749,0.9028839240032127
750,0.6437052682848234
751,0.5116176342944014
752,0.7435543151130058
753,0.6274420122815055
754,0.6965040356629415
755,0.5795686783370327
756,0.6561660118574014
757,0.6955601797294773
758,0.9969540522940238
759,0.9778459023179438
760,0.5739933938349266
761,0.811751122802615
762,0.8655409323204042
763,0.583037882720276
764,0.7910943837280054
765,0.7400834170060455
766,0.9894808651418452
767,0.3134717547928949
768,0.4896381680603237
769,0.644248150552911
770,1.0188477080178702
771,0.5092358223267172
772,0.8578250586601832
773,0.6766939976930669
774,0.6196853088731559
775,0.9379897893902974
776,0.8113325870567016
777,0.6622064536565615
778,0.6821524971617045
779,0.3496818120651
780,0.8334473799315856
781,0.642561272505212
782,0.6337253615965146
783,0.7756414416322918
784,0.7404231397503014
785,0.6862778762910406
786,0.8048314886142223
787,0.6818658777232949
788,0.5500070888503582
789,0.897143029403971
790,0.9448394415994388
791,0.692581576302223
792,0.4480991615349752
793,0.8516009644476644
794,0.884677854223454
795,0.85963084131549
796,0.6820504508748283
797,0.9061466610532806
798,0.6945528840038939
799,0.49834509799750293
800,0.6341024959145742
801,0.7182844993278589
802,0.6461035717289232
803,0.7886071021022636
804,0.960005044705944
805,0.8663856256246493
806,0.6052390210457809
807,0.44771051473770357
808,0.4428120098147118
809,0.8827650456597124
810,0.6531002801178651
811,0.44947984593667384
812,0.613873797637713
813,0.9472427392976717
814,0.7936947570269791
815,0.6273421245164688
816,0.8423437337075893
817,1.0477107358550668
818,0.6687292931231587
819,0.8314372072728432
820,0.9087136260129666
821,0.45555069102922935
822,0.43227165639500925
823,0.5088897734671639
824,0.596741322302164
825,0.617122666053948
826,1.0936991415818418
827,1.1112119958779545
828,0.5510132271573448
829,0.8105136522372263
830,0.7933821009341067
831,0.6528354035200589
832,0.8215430081665805
833,0.6003413858768684
834,0.5061955025286975
835,1.0080866374691073
836,0.8084497657560212
837,0.7890188542904655
838,0.5149233841847833
839,0.9567909913670545
840,0.7631404800105434
841,0.8357788350935087
842,0.8201270110190544
843,0.6048099363735331
844,0.4740894999204242
845,0.8802015844127387
846,0.7161198439300727
847,0.7412206832300664
848,0.3950577052399579
849,0.7996687944003407
850,0.864351129999647
851,0.6326521502387208
852,0.678964864214072
853,0.6644372795391493
854,0.907245497121364
855,0.6221874970617137
856,0.6512112460655333
857,0.7494310157236937
858,0.7616308554507686
859,0.6983682511222914
860,0.7656145048596741
861,0.45565250406527824
862,0.6279719035617896
863,0.5721274959365827
864,0.561074064382727
865,0.4729954909862152
866,1.0705457923774282
867,0.8189456816837277
868,0.6692830283160741
869,0.8118541488501854
870,0.6003296439647192
871,0.6329034436405111
872,1.0857315324056005
873,0.6770233826183779
874,0.5952930211888615
875,0.48620148437871546
876,0.6081352075265428
877,0.6460910979866393
878,0.5200022286485327
879,0.5641524009099718
880,0.7400035121202077
881,0.9846125595114595
882,0.6744283407057469
883,0.9116228290459896
884,0.7688146322104332
885,0.7489113465401641
886,0.7751194916883237
887,0.852814495364891
888,0.6352384151817834
889,0.7027272358608156
890,1.0146612876744285
891,0.8178902688966047
892,0.9037623010734017
893,0.6480097250695154
894,0.7453109497323748
895,0.7014182016941435
896,0.8453489514140865
897,0.9010983927708065
898,0.60451392611826
899,0.8857651675716162
900,0.7499607567520049
901,0.5941316716666605
902,0.687338121499625
903,0.5443738998164738
904,0.8002298070003032
905,0.8291001882551383
906,0.7632046062397945
907,0.704996939947681
908,0.9239497068590063
909,0.6037133536450866
910,0.7531340964419322
911,0.5923781755232749
912,0.6684018128099659
913,0.7864909935993292
914,0.7956472349683616
915,0.6091856787153749
916,0.9340740152952847
917,0.7865155733981791
918,0.7312038051520412
919,0.5989470785553636
920,0.683726229545095
921,0.6993385875860748
922,0.660939430944145
923,0.8684294733070509
924,0.7007204363876371
925,0.7490923435787141
926,0.5589974520758377
927,0.8143707049746496
928,1.000610966267884
929,0.949684922807662
930,0.6962339319540916
931,0.8356042176428431
932,0.7079009948661471
933,0.6029520951687719
934,0.5704060524144807
935,0.6957624372895295
936,0.8167360780798262
937,0.6461281907100594
938,0.651938990460686
939,0.8984405167966455
940,0.6394330027939803
941,0.840405226541599
942,1.0227331007944334
943,0.907297762476968
944,0.755143891572673
945,0.7252184460159862
946,0.5953671427768147
947,0.6032121033063865
948,0.7170856408217872
949,0.7632361416443955
950,0.892244585472038
951,1.1279146765220276
952,0.771437221319696
953,0.6570280318744903
954,0.8279854466881277
955,0.5149657802686651
956,0.6181770290888935
957,0.6383690188944192
958,0.6754129316207254
959,0.8650697892070679
960,0.8445774790203605
961,0.8050781549030614
962,0.7026213878536458
963,0.7800642198805157
964,0.9945453029921218
965,0.652638286550051
966,0.7167812751112622
967,0.701431791963733
968,0.3442689856852566
969,0.6890684488544729
970,1.0903926511828552
971,0.8226340649824389
972,0.985448679137483
973,0.9779941688304706
974,0.788993373919366
975,0.473716822128778
976,0.6780340396713602
977,0.8016036625052803
978,0.662396274835383
979,0.8169953103883222
980,0.6998617791213699
981,0.8492125636362415
982,0.4581665154139023
983,0.3680471140710093
984,0.8834659070424078
985,0.6659625453836004
986,0.5020220136790052
987,0.7052572241481273
988,0.9208278019341701
989,0.7138924041389393
990,0.6476155008541126
991,0.6272359156722969
992,0.9478050591557681
993,0.6876278645569797
994,0.7517256188402719
995,0.8567366750320282
996,0.585535517130337
997,0.7071900844114396
998,0.8368387945681726
999,0.7546805610129629
1000,0.9453731852292858
1001,0.743128959722783
1002,0.9948784250891491
1003,0.8565925532702583
1004,0.6039508523292008
1005,0.827815254452313
1006,0.890332367791895
1007,0.9032921138826242
1008,0.8168987487998243
1009,0.8213427839575336
1010,0.6067034630173694
1011,0.6479978885301146
1012,0.6320893302625943
1013,0.6401947877980237
1014,0.7218512864424994
1015,0.7780659873478474
1016,0.8294008928768796
1017,0.8790969280064309
1018,0.855463471216539
1019,0.6969277945080506
1020,0.7383250856959179
1021,0.8216682342889627
1022,0.6254683543860672
1023,0.6217075686847313
1024,0.7436021226080817
1025,0.8334432042783092
1026,0.6915717785806029
1027,0.947507771747291
1028,0.864844411719792
1029,0.8168299520041326
1030,0.589573258270934
1031,0.5846434932473885
1032,0.806045322849253
1033,1.061247678359158
1034,0.7799262065091704
1035,0.6897227603423076
1036,0.7676400186894088
1037,0.7818805289619577
1038,0.6914971598196985
1039,0.8351304653516171
1040,0.7236405409515063
1041,0.7707496028342058
1042,0.6466441813493836
1043,0.7048108145659638
1044,0.7742374148490384
1045,0.9356096388552053
1046,0.7540142124030816
1047,0.8787767863104277
1048,0.5822616741440517
1049,0.9964932232301674
1050,0.5456642187208652
1051,0.408304603734287
1052,0.8136316976597255
1053,0.5961377057885816
1054,0.8569592086686215
1055,0.889275480633091
1056,0.47792797709989043
1057,0.6878388756258162
1058,0.7975557032376962
1059,0.7265814598210154
1060,0.6401295161477976
1061,0.5589892824436524
1062,0.8472215927466314
1063,0.9122852957321289
1064,0.8906621026884238
1065,0.7753051272618114
1066,0.8064470127985911
1067,0.726921847734841
1068,0.8125070480043166
1069,0.8416779191793828
1070,1.000867816878037
1071,0.8648617258877682
1072,0.8536891073554532
1073,0.8042596385756755
1074,0.728888980734819
1075,0.5102196902203284
1076,0.5836417126108082
1077,0.5457394175711499
1078,0.9135135499906332
1079,0.5476013478104593
1080,0.6999276760966563
1081,0.8163514220165582
1082,0.9311118130678999
1083,0.7537112262712238
1084,0.5565745862125264
1085,1.0234437734760298
1086,0.6665371683924971
1087,0.7497520083112632
1088,0.9877366623612264
1089,0.8400027658741118
1090,0.8238002458387974
1091,1.0182810256649533
1092,0.737951859536421
1093,0.8732768046387447
1094,0.9774872062812073
1095,0.4863090705380294
1096,0.7847511091220275
1097,0.8889891143444489
1098,0.6281373597884357
1099,0.5542569249713214
1100,0.8900260158707506
1101,0.4951470588374811
1102,0.8703429797790564
1103,0.8083263283479083
1104,0.9223591051304897
1105,0.9220314641069937
1106,0.7449861885175256
1107,0.7853498354059676
1108,0.6232466416337928
1109,0.8385399273907679
1110,0.6140196833114863
1111,0.7204017134940873
1112,0.5136384876451641
1113,0.6325194223358005
1114,0.6074488569774731
1115,0.6840401091154555
1116,0.8452411888462902
1117,0.8646626327393733
1118,0.9763502550186864
1119,0.23508726836316374
1120,0.7051588552438409
1121,0.7450328621308236
1122,0.6807255591212982
1123,0.7813934563754645
1124,0.7724237060553282
1125,0.9600296163128647
1126,0.4940281930948815
1127,0.46633206917620057
1128,0.6833724544329444
1129,0.7542721639031373
1130,0.815091351181114
1131,0.9386948425271288
1132,0.8443573067456889
1133,0.8293721440280124
1134,0.7621493199801677
1135,0.6848490177710574
1136,0.8235541933525092
1137,0.874467170127712
1138,0.5643445935066544
1139,0.5602960871934349
1140,0.6896450797845699
1141,0.5706098953320218
1142,0.681231937713571
1143,1.0687990970223458
1144,0.5688282035501685
1145,0.5589726677175183
1146,0.8355158600954706
1147,0.6898141453889588
1148,0.9537365190101379
1149,0.4073754061674225
1150,0.44991677929434304
1151,0.7185857528753108
1152,0.8335891987266548
1153,1.006551724162445
1154,0.7551714194283172
1155,0.7230250436221701
1156,0.8527298301571961
1157,0.9179553787273385
1158,0.5728149192049918
1159,0.6318933858291662
1160,0.8202407642771762
1161,0.5841908031799022
1162,0.7173893051730087
1163,0.6720334385297595
1164,0.9386064919683609
1165,0.9654730929556841
1166,0.7554660324957925
1167,0.9103137087303804
1168,0.733217739932462
1169,0.9035843899884943
1170,1.0436404671423931
1171,1.0362368220705285
1172,0.9075237289973073
1173,0.7072153185149106
1174,0.6248337047555621
1175,-0.09127083014175781
1176,0.46631323148686066
1177,0.8256800593625239
1178,0.809910876827727
1179,0.7739271256379099
1180,0.7024932441117602
1181,0.94194992224548
1182,0.5229487278604875
1183,0.8268594315986273
1184,0.7406236164126119
1185,0.8190242554669901
1186,0.9402557959175009
1187,0.8568216873669313
1188,0.886361187064403
1189,0.8783634370136386
1190,0.5547923494247804
1191,0.8966148902925023
1192,0.7546019696444314
1193,0.9866323641335142
1194,0.8334779308626706
1195,0.6885015268919755
1196,0.8304651653810327
1197,1.0849948200291302
1198,0.8354945466264916
1199,0.839862498590437
1200,0.7175958011298113
1201,0.5918552634956771
1202,0.9433509428612554
1203,1.0292573416304445
1204,0.7997082349324154
1205,0.7734002767343953
1206,0.7805798655691528
1207,0.8038323055857829
1208,0.9380612813259859
1209,1.2207905788176818
1210,0.8467260000314417
1211,0.2288463416712868
1212,0.987425841295253
1213,0.9153000095258066
1214,0.952727162901524
1215,0.4972302255477126
1216,0.8402206930277074
1217,0.7986669130441206
1218,0.9651417707137186
1219,0.8289664495074491
1220,0.8306646532168557
1221,0.6777626641942842
1222,0.5891897080668039
1223,0.5841533843978102
1224,0.7190823432048972
1225,0.9946727534310805
1226,0.744668836945487
1227,0.7830475340779423
1228,0.7749267514858335
1229,0.6438671747432312
1230,0.6683291927120572
1231,0.9134147540818851
1232,0.651546058237744
1233,0.7919597057332914
1234,0.9504850068713786
1235,0.8707017613635699
1236,0.6469686682142206
1237,0.5706414109815661
1238,0.789479375114325
1239,0.9490698093288582
1240,0.9426616353266785
1241,0.46217921308472143
1242,0.5463664881014028
1243,0.7235937691243538
1244,0.8351290196832774
1245,0.6902448741984228
1246,1.0473708212382278
1247,0.9207975691275572
1248,0.891028226590974
1249,0.8311580532676447
1250,0.9218652227792801
1251,0.6484395766403188
1252,0.5592217142677657
1253,0.8908299715443239
1254,1.016150738620615
1255,0.9885260356639468
1256,1.0817087009584916
1257,0.8764355764644709
1258,0.746422302497004
1259,0.6907847423131699
1260,0.600528426300975
1261,0.8253837926251728
1262,0.8637580468413918
1263,0.7358229030795951
1264,0.5725037014211349
1265,0.41029980799470145
1266,0.7463050034226301
1267,0.5569491139994422
1268,0.6331080120507813
1269,0.7251346302314151
1270,0.7907722122694123
1271,0.7332212887998648
1272,0.8059126894146119
1273,0.7613846722649236
1274,0.8687961259383238
1275,0.5912680846084948
1276,0.8370531061517648
1277,0.8532755838471726
1278,1.0728420682552642
1279,0.8905809946280967
1280,0.8733690915259895
1281,0.7953324875671978
1282,0.7255858040635659
1283,0.7177360662229817
1284,0.4590650531572608
1285,0.664411279417838
1286,0.7029247675750796
1287,0.2598808355283714
1288,0.7549384548234417
1289,0.7147648841711546
1290,0.7233628914218335
1291,0.8153642791775937
1292,0.47926959261538987
1293,0.7180224579446782
1294,0.7570869636707606
1295,0.7362532963129388
1296,0.5920497972400756
1297,0.7949519219490526
1298,1.0108191502436552
1299,1.0066741080981687
1300,0.7916955122350725
1301,1.0323533856148002
1302,1.0189144984096499
1303,0.7749540590213475
1304,0.7900227254792938
1305,0.738190397501753
1306,0.9788931534382059
1307,0.6649439753031575
1308,0.8120327318385446
1309,0.460911913247555
1310,0.47374026501548305
1311,0.7760548542050216
1312,0.526716519646103
1313,1.0571550029560464
1314,0.907565717695659
1315,0.5457257491420279
1316,0.602110356585102
1317,0.9303961183826333
1318,0.7949923998668198
1319,0.8874496330158536
1320,0.7527189415685873
1321,0.8928332172108973
1322,1.166549454144195
1323,0.6781276421564495
1324,1.0082742322864433
1325,0.8531511810921854
1326,0.6422701032212648
1327,0.6825372353955369
1328,0.9129625027102647
1329,0.8331305391427216
1330,0.6081773921825402
1331,0.7992372775471938
1332,0.7290050752846737
1333,1.2549289739265497
1334,0.5667897069669341
1335,0.5052680689132864
1336,0.7673469896836207
1337,0.9628634732015757
1338,0.5810355330163819
1339,0.8502805947124474
1340,0.656151852445117
1341,0.8145752448531751
1342,1.1478400588765074
1343,0.668948159917751
1344,0.596527291884779
1345,0.45111044549439194
1346,0.63699079166255
1347,0.7986133260653304
1348,1.042995934843945
1349,0.8949674656108725
1350,0.8400514607357573
1351,0.8176069951373535
1352,0.5445232552239667
1353,0.7656454853234729
1354,1.0030994403300828
1355,0.6540700885094484
1356,0.6744288894470511
1357,0.6725065058815912
1358,0.8280369178890991
1359,1.1907152022361551
1360,0.7347083912124702
1361,1.0004413402176677
1362,0.48614068631027757
1363,0.5952269784140656
1364,0.883034207968631
1365,0.8275602115033517
1366,0.7510832474915429
1367,0.7965304721755095
1368,0.5485528072962221
1369,0.7695389418925406
1370,0.6569994768978592
1371,0.4338283412757126
1372,1.0538307976561259
1373,0.8158530667285366
1374,0.7257338791409704
1375,0.6988708852652629
1376,0.8260194929385827
1377,0.7053555099529505
1378,0.9527428055586046
1379,0.8703131064750711
1380,0.5348053009526903
1381,0.8013567158526308
1382,0.7465581905832888
1383,0.5161605962521262
1384,0.7204174747621166
1385,0.9039905875222959
1386,0.9498818999312322
1387,0.6911623869919845
1388,0.6298633872144641
1389,0.6068233719065114
1390,0.5469992538804576
1391,0.859585380957216
1392,0.7910741742526516
1393,0.3780005602538226
1394,0.7134414303297646
1395,0.8619587992875911
1396,0.7477442722257409
1397,1.1284743643509503
1398,0.44944595071382376
1399,0.9865838025325725
1400,0.8179687627317831
1401,0.7243403592325286
1402,0.6453142349422376
1403,0.9417019142065192
1404,0.6510137219432983
1405,0.8860417324495067
1406,0.5287598451897162
1407,0.9165183992624657
1408,0.8923659859956048
1409,0.4822844892019599
1410,0.7325962399627924
1411,0.7799123110338876
1412,0.7631272519687785
1413,0.8790738055218417
1414,0.5869653680186789
1415,0.5398228736113629
1416,0.32130150838842
1417,0.7315188432232657
1418,0.8568756944274775
1419,0.6552135115841353
1420,0.5798970192999836
1421,0.7695864982879567
1422,0.4911589689457155
1423,0.8224063526614005
1424,0.9368159688933696
1425,0.6284755034450374
1426,0.7949706294395078
1427,0.6194674566174282
1428,0.5562792427997618
1429,0.8760161697350327
1430,0.8736375538488889
1431,0.5588100013682162
1432,0.9080993105537323
1433,0.795395813632373
1434,0.629514794043804
1435,0.7437070159072086
1436,0.6661944825838476
1437,0.9708753305640222
1438,1.1038291554089863
1439,0.9322792483325825
1440,0.9157251963994608
1441,0.9903875450667858
1442,0.7703870989893854
1443,0.7519986036956138
1444,0.9468967860494043
1445,0.8276128787822017
1446,0.9283466192035447
1447,0.8442440002260332
1448,0.9159733107048773
1449,0.7311921767853603
1450,0.9405156611959611
1451,0.7950192359874129
1452,0.7744540819241886
1453,0.9619702606683933
1454,0.7788899833552432
1455,0.7228394541818591
1456,0.8313457102922049
1457,0.4712286792731112
1458,0.9246052127943127
1459,0.8143423231763011
1460,0.811234984687265
1461,0.9434565687081476
1462,0.6582267412536639
1463,0.7543990591106138
1464,0.635509455431385
1465,1.138660494862061
1466,0.7521794755121815
1467,0.9492342517633432
1468,0.5745533172226045
1469,0.8177128438259524
1470,0.629450019277909
1471,0.9821078812087188
1472,0.8806269846976522
1473,0.9169289919305893
1474,1.0087504927914577
1475,0.6959047886967318
1476,0.6846645510723102
1477,0.5981364924873624
1478,0.8143787484304044
1479,0.7060338738288041
1480,1.0372523244629595
1481,0.7515053055672604
1482,0.5768598941964419
1483,0.6879008749414305
1484,0.9399110708310571
1485,0.8491071742259081
1486,0.6402042219370578
1487,0.7416196098962738
1488,0.9136540394325572
1489,1.0468266291508244
1490,1.0108196621244465
1491,0.9852922534670071
1492,0.6180233484826686
1493,0.9423494956784366
1494,0.5698057286222641
1495,0.7983657499082433
1496,0.9053350660793065
1497,0.8470669987834597
1498,1.0125528612741141
1499,1.0884950553986716
1500,1.0371982577348573
1501,0.9814884741693518
1502,1.035445681991281
1503,0.5230069516443082
1504,0.743371351500763
1505,1.0564561832135089
1506,0.6772287857571412
1507,0.7933292572999531
1508,0.8843614556648072
1509,0.8276575446229104
1510,0.815515760004763
1511,0.80403950072106
1512,0.7416495659453106
1513,0.6920086947702353
1514,0.5852149321615533
1515,0.747301510901061
1516,0.9862087766410795
1517,1.0249498485457187
1518,0.7703439367431577
1519,0.8473457245686775
1520,0.9309159624011762
1521,0.7321315958305331
1522,0.9493017374509786
1523,1.2284240038623007
1524,0.788390350377741
1525,0.8038795375546468
1526,0.8761517603568768
1527,0.45894459953591615
1528,0.9242108507126585
1529,0.6115151111262074
1530,0.8250620744362547
1531,0.8082478291909356
1532,0.958660573321254
1533,0.9333105133285434
1534,1.035169346310074
1535,1.1006775102314212
1536,0.8966397629510224
1537,0.7153121634577927
1538,0.8365479344966528
1539,0.9069431695287204
1540,0.6378716766676942
1541,0.7108861822247594
1542,0.7665810203884833
1543,0.6971166644295956
1544,0.7776570932443877
1545,0.9777339681999264
1546,1.0566128533796357
1547,0.8970231555168828
1548,0.6791592259507888
1549,0.7605291805604127
1550,0.67362227416644
1551,0.7041883077947318
1552,0.8844935455259675
1553,0.8065047978412737
1554,0.8166620181034585
1555,0.6230500936728054
1556,0.8758990745083954
1557,0.7171522534938785
1558,0.8064579269386581
1559,0.8065147619537829
1560,0.9506894217504476
1561,0.7930012168723501
1562,0.7525169896319563
1563,0.6082936782317896
1564,0.4101391978868595
1565,0.8774098532185193
1566,0.7940768331138046
1567,0.7651299518536228
1568,0.7746716479770174
1569,1.0017103690128173
1570,0.8930337391955834
1571,0.48642096194930146
1572,0.7393159442365773
1573,0.5777934063049515
1574,0.7339981020433712
1575,0.8186150353602922
1576,0.8470917282844226
1577,0.768685786381251
1578,0.9136131009567938
1579,0.9257077612705775
1580,0.8637879120785087
1581,0.900601751747508
1582,0.6394750815688077
1583,0.7740582715397314
1584,0.7770589842537057
1585,0.9308122304641566
1586,0.9311335504859312
1587,0.8586233387329452
1588,0.38265939026003665
1589,0.9505347184038616
1590,0.6939450299861041
1591,0.8744202277912884
1592,0.8863423766495983
1593,1.0197491676136874
1594,0.7967269939443662
1595,0.830077969004689
1596,0.7770608062125026
1597,0.7603292136261075
1598,0.8883484019731367
1599,0.9640664531400762
1600,0.7290165350498669
1601,0.8081104032181269
1602,0.9562519140201655
1603,0.9591549949846133
1604,0.7058853319265213
1605,1.1802021524393789
1606,0.9026701362067988
1607,0.9010170104209659
1608,0.9607692078047997
1609,1.017830411548808
1610,0.5205468452963978
1611,0.7842369427131516
1612,0.8907224177861697
1613,0.8826227417809838
1614,0.9165380741864579
1615,0.9264186963466884
1616,0.7842288543920499
1617,0.8344736533655467
1618,0.9040591136719968
1619,0.7315570309105397
1620,0.7867458543505654
1621,0.8121892733346473
1622,0.8485141345380504
1623,0.8852825879442243
1624,1.0006190544467954
1625,0.8179159674970736
1626,0.8032798326608342
1627,0.7269255284120439
1628,0.8337301242712151
1629,0.6637781719838194
1630,0.5760965429563825
1631,0.776672949224293
1632,0.7958193561890023
1633,0.69589301353228
1634,0.5035032955726281
1635,0.7496484405234223
1636,0.7533948922699494
1637,0.5559906023587831
1638,1.015899434310069
1639,0.5877403775928043
1640,0.6840442732119898
1641,0.50441245839203
1642,0.6259913544934196
1643,0.5791660940049672
1644,0.6951623748171358
1645,1.0123573316070105
1646,0.6728661654048952
1647,0.9624677485221906
1648,0.8336281617247381
1649,0.6499729585721391
1650,0.8707319282982211
1651,0.723880641705431
1652,0.690980827990344
1653,1.0189432020790585
1654,0.7495633923403713
1655,0.6815839048111934
1656,0.833255503478339
1657,0.6986185142624882
1658,0.8593475746238434
1659,0.7279112983232756
1660,0.6364643436771652
1661,0.8604128008886497
1662,0.9999623874650169
1663,0.903468464490314
1664,0.8282373791823554
1665,0.7685646099893993
1666,0.5939240814266894
1667,0.9182841444556438
1668,0.9591800374299301
1669,0.8913231817362646
1670,0.9503692289587136
1671,0.9352436748551466
1672,0.7298380403611558
1673,0.9298593110604009
1674,0.7292558814537677
1675,0.855766345625723
1676,0.9778725485773845
1677,0.9102967382143206
1678,0.8925699365923269
1679,0.8160015498835763
1680,0.9087292030850861
1681,0.743888548495012
1682,1.1676187727841019
1683,0.4942557836885653
1684,0.5968582780201557
1685,1.113184237414226
1686,0.7803416166090003
1687,0.7792774449561795
1688,1.0109998287861477
1689,0.8718784154423039
1690,0.5837094734631278
1691,0.8199293991421954
1692,0.7809622376657984
1693,0.46723561137285863
1694,0.7696890244490805
1695,0.7167814131742134
1696,0.9869416796384552
1697,0.5987373826364913
1698,0.839249650845707
1699,0.7647010521355265
1700,0.8406401901635921
1701,0.5730983839229341
1702,0.816930201531612
1703,1.012857345923131
1704,0.4695499322764001
1705,0.9002500607632602
1706,0.911898721271336
1707,0.9192891822514523
1708,0.7294596470829431
1709,0.7303026733221276
1710,0.9430254639057088
1711,0.6176853863154163
1712,0.8840543177193649
1713,0.8601161645063224
1714,0.8661557205508629
1715,0.7992572281558634
1716,0.5047596912880298
1717,0.9139782366418675
1718,0.8076225984129027
1719,0.9000760423198865
1720,0.9127896126427985
1721,0.7313348882424385
1722,0.2642612503237631
1723,0.7656737121854635
1724,0.9913536121261869
1725,1.0300973201858432
1726,0.6851376585074617
1727,1.0971951000494995
1728,0.7414902067257817
1729,0.7188565108656222
1730,0.7776215720481158
1731,0.966938434859625
1732,0.6870081813070033
1733,1.0046484422881254
1734,0.7964896229337216
1735,0.585145174709201
1736,0.6992248905027347
1737,0.954110412933415
1738,1.0496829815179516
1739,1.033375185501513
1740,0.7177228862761973
1741,0.6157910412564047
1742,0.6986420497024932
1743,0.9685249246703811
1744,0.8850359656173243
1745,0.9688563593382099
1746,0.7697585493969169
1747,0.6921956883491689
1748,0.7620343067812135
1749,1.104051580098323
1750,0.8790883655242978
1751,0.6821139384881841
1752,0.7735756546304776
1753,0.6683718878251979
1754,0.8556993811672241
1755,0.61475259184192
1756,0.5425387581643419
1757,0.5470988907567759
1758,0.8975943061727854
1759,0.8449937816479662
1760,0.9943208571911842
1761,0.9714016022313777
1762,0.7760150429100822
1763,0.44884159792788275
1764,0.9123171740097744
1765,0.8385750052104416
1766,0.9950789611797872
1767,0.6793656658401145
1768,0.9616510646338629
1769,0.7698530364155171
1770,0.7519801350710842
1771,0.7541443761005329
1772,0.9718878612810613
1773,0.7454471844444436
1774,0.7432643464812552
1775,0.47613760944723355
1776,0.7389193736893772
1777,0.5954804759559428
1778,0.7234022888238304
1779,0.5596138462979762
1780,0.9133434853713956
1781,0.7527929334451429
1782,0.9252072678157129
1783,0.9797067059537303
1784,0.6310752638756989
1785,0.5249387121139558
1786,1.1400877086150687
1787,0.6013593681335828
1788,1.06512462443871
1789,0.9447928862186009
1790,0.8627467560490938
1791,0.8157503176671361
1792,0.7642033659258454
1793,0.9887360603476991
1794,0.9720189027358086
1795,0.6616952422554172
1796,0.8160743758230014
1797,0.6490999579666178
1798,0.9834823595320019
1799,0.7760178480298002
1800,0.7024286978181855
1801,0.9744198749256789
1802,1.1321172105906125
1803,0.9320317215765752
1804,0.9643533061135148
1805,0.918623559031899
1806,0.8792164153713959
1807,0.7666073836319428
1808,0.9804945466326452
1809,0.8348492375648773
1810,0.8896713720750756
1811,0.7014828197576161
1812,0.6932572082574187
1813,0.9540787891741447
1814,0.7069345644960758
1815,0.9249288988743426
1816,0.8079881735629938
1817,0.7582239143637141
1818,0.9053288570130534
1819,0.6260260249489442
1820,1.1160775985710156
1821,0.8372949830444314
1822,0.6106098884624176
1823,0.8691310261713266
1824,0.8090999282588663
1825,0.6133158914859387
1826,0.7647023981134504
1827,0.8575144925344014
1828,0.6861375231892454
1829,0.9197808546048547
1830,0.4384966618084221
1831,0.8399524412838071
1832,0.6879581933562503
1833,1.065399253374382
1834,0.9999407754294404
1835,0.914859543892186
1836,0.7604648380477389
1837,0.9614235767108207
1838,0.9202065512327383
1839,0.6192368532012016
1840,0.6652841006727891
1841,0.7728755455994168
1842,0.9373163740705198
1843,1.0402866747402573
1844,0.6316546200173508
1845,1.0084157590192708
1846,0.7628658088322608
1847,0.7202833268594145
1848,0.8347985855621692
1849,0.6378433723653678
1850,0.9427476589559329
1851,0.5483371092590429
1852,0.9095503320076854
1853,1.0346939561293604
1854,0.6659044628364957
1855,0.8103281737579419
1856,0.5437760036353061
1857,0.6212426062975135
1858,0.9829641857151356
1859,0.8023714548220298
1860,0.9365933376184488
1861,1.0941639508131091
1862,0.845229646046008
1863,0.8625483319082382
1864,0.9513151022626151
1865,0.6202010412586564
1866,0.9127804564566324
1867,1.0704767040378984
1868,0.7792428410124738
1869,0.8947547799258921
1870,0.7316707381935547
1871,0.5774548166403911
1872,0.8911871795464995
1873,0.8142828225474454
1874,0.8283556296387893
1875,0.5902190965896095
1876,1.1943134031286249
1877,0.827536913495791
1878,0.9456501647042626
1879,0.5163112203998323
1880,1.259646082418956
1881,1.0076738558746443
1882,0.9513191200680673
1883,0.5623686993367336
1884,0.6699092991086154
1885,1.0331871143768132
1886,0.9131502594470392
1887,0.7621939192498839
1888,0.848938117880178
1889,0.9372705552062144
1890,0.7842219935448049
1891,1.1402561390091845
1892,0.7967421913654501
1893,0.8458754790700331
1894,1.051276999829788
1895,0.9255531750989775
1896,0.7948806800490068
1897,0.6128660823515691
1898,0.9254371755039523
1899,0.7779869098059394
1900,0.7859326991864694
1901,0.7974386905874047
1902,0.6623071202935842
1903,0.9981969996346755
1904,0.4696097197507511
1905,0.7295119270097633
1906,0.8377252678943989
1907,0.44436559164988537
1908,0.9540343331843648
1909,0.74442395505736
1910,1.0035841568616433
1911,0.6328993036677111
1912,0.8456563272700095
1913,0.91400060041473
1914,0.7607460200158392
1915,0.8453297820618948
1916,0.996017030913734
1917,0.7442687511516927
1918,0.614638604912606
1919,0.7669995658648938
1920,1.054606369620956
1921,0.7538418568770059
1922,0.7179335001516537
1923,0.9095716159948044
1924,0.8475148775395973
1925,1.0348802411542284
1926,0.6615592992430873
1927,0.9067034537166578
1928,0.18600828676439674
1929,0.7256617612701386
1930,0.6888641192585994
1931,0.8172366210149594
1932,0.861428965619727
1933,0.6926175525518927
1934,0.7711079603341088
1935,0.8605810794004491
1936,0.6732177428328928
1937,0.9274520431614
1938,0.9001662370990183
1939,0.6224114564911873
1940,0.7479886609884978
1941,0.7655748042749159
1942,0.8477584772871297
1943,0.8826363555930213
1944,1.0108021837882921
1945,0.6221610644678319
1946,0.7004446522517935
1947,0.5829115823386875
1948,0.4450752297922119
1949,0.9052980648697981
1950,0.8611580004776396
1951,0.8032949711271948
1952,0.6810302116022615
1953,0.5673445035878413
1954,0.8274385105935322
1955,0.6861717795601323
1956,1.0464692472190287
1957,0.9106546414683787
1958,0.6704522665912767
1959,0.7179568617070027
1960,0.5113764707712511
1961,0.5986398753428626
1962,0.9187005967104782
1963,0.53600657957865
1964,0.6178696799773739
1965,0.8087497252788559
1966,0.9111751515418292
1967,0.8270111046630627
1968,0.5818735987534792
1969,0.8272095625471755
1970,0.9745468522715349
1971,0.8623316255561114
1972,0.9180051671852303
1973,0.9100749342512251
1974,0.8371333910531029
1975,1.014053811155713
1976,0.701834354317644
1977,0.559651603657174
1978,0.6769434296744133
1979,0.7895890491551937
1980,0.3269996973889346
1981,1.1723133646278958
1982,0.9610454190999258
1983,0.890237328780384
1984,1.1437856273388896
1985,0.8071407291150676
1986,0.8924187835920269
1987,0.7586396596699368
1988,0.7416964855615135
1989,0.8822502137765129
1990,0.5718256599031917
1991,0.5746169985531798
1992,0.9323773840680769
1993,0.8250531074740057
1994,0.7605812111070336
1995,0.6298402221085959
1996,1.0506229264417293
1997,0.7937800830297581
1998,0.8573588002019907
1999,0.8846709465839762
